stocks_id,date,open,high,low,close,adj_close,volume
,2018-12-31,68.32,69.150002,67.660004,68.190002,54.603767,15807000
,2019-01-02,67.349998,69.870003,67.260002,69.690002,55.804909,16727200
,2019-01-03,70,70.25,68.360001,68.620003,54.948086,13866100
,2019-01-04,69.639999,71.269997,69.360001,71.150002,56.974018,16043600
,2019-01-07,71.25,72.099998,70.739998,71.519997,57.270294,10844200
,2019-01-08,72.540001,72.589996,71.940002,72.040001,57.686672,11439000
,2019-01-09,72.599998,72.599998,71.650002,72.419998,57.990967,13473500
,2019-01-10,72.07,72.080002,71.120003,72.050003,57.694683,13151100
,2019-01-11,71.849998,71.889999,71.07,71.720001,57.430439,9790100
,2019-01-14,71.209999,71.779999,71.120003,71.629997,57.358372,11012400
,2019-01-15,71.949997,72.360001,71.32,71.669998,57.390411,10298300
,2019-01-16,71.419998,72.379997,71.309998,71.639999,57.366379,12595600
,2019-01-17,71.190002,72.339996,70.900002,72.129997,57.758739,10141700
,2019-01-18,73.269997,73.290001,72.129997,72.989998,58.447395,15759200
,2019-01-22,72.389999,72.709999,71.68,71.889999,57.566574,15035600
,2019-01-23,72.010002,72.300003,70.93,71.300003,57.094128,13187200
,2019-01-24,71.099998,71.970001,70.639999,71.400002,57.174191,11272500
,2019-01-25,72.07,72.269997,71.540001,71.720001,57.430439,8996200
,2019-01-28,71.019997,71.279999,70.370003,71.239998,57.046066,13678400
,2019-01-29,71.699997,72.190002,71.480003,71.510002,57.262295,10513200
,2019-01-30,71.769997,72.57,71.510002,72.290001,57.886868,11524700
,2019-01-31,72.290001,73.489998,72.019997,73.279999,58.679623,19876700
,2019-02-01,74.919998,76.489998,74.32,75.919998,60.793633,22968700
,2019-02-04,75.760002,75.760002,74.400002,74.82,59.912796,15483800
,2019-02-05,75.18,75.639999,75.010002,75.589996,60.529369,12786700
,2019-02-06,75.580002,75.769997,75.129997,75.260002,60.265137,10866900
,2019-02-07,74.949997,75.190002,73.900002,74.68,59.800701,14418900
,2019-02-08,73.760002,74.07,72.730003,73.980003,59.89785,11959500
,2019-02-11,73.879997,74.220001,73.400002,74.099998,59.995003,10434800
,2019-02-12,75.080002,75.449997,74.82,75.400002,61.047543,12599200
,2019-02-13,75.580002,76.540001,75.510002,76.25,61.735752,13214600
,2019-02-14,76.260002,76.650002,75.709999,76.269997,61.751938,12772900
,2019-02-15,76.940002,77.760002,76.75,77.709999,62.917831,14330300
,2019-02-19,77.559998,78.480003,77.449997,78.230003,63.338871,13551500
,2019-02-20,78.300003,78.809998,78,78.529999,63.581738,12633100
,2019-02-21,78.209999,78.660004,77.610001,77.82,63.006889,10266000
,2019-02-22,78.709999,78.949997,77.620003,78.419998,63.492691,9519300
,2019-02-25,78.43,78.849998,78.199997,78.5,63.557465,9274400
,2019-02-26,78.68,79.129997,78.389999,78.660004,63.686996,10990600
,2019-02-27,78.879997,79.75,78.660004,79.470001,64.342827,12398200
,2019-02-28,79.449997,79.75,78.709999,79.029999,63.986565,14597900
,2019-03-01,79.379997,80,79.029999,80,64.771927,15419400
,2019-03-04,80.239998,80.550003,79.010002,80.309998,65.022926,18089900
,2019-03-05,80.120003,80.400002,79.75,80.190002,64.925781,13745500
,2019-03-06,78.849998,79.379997,77.860001,79.279999,64.188988,18633600
,2019-03-07,79.550003,80.260002,79.32,80.160004,64.901482,16541700
,2019-03-08,78.889999,79.32,78.25,79.010002,63.970371,16211300
,2019-03-11,79.980003,80.290001,79.650002,79.779999,64.593796,11060900
,2019-03-12,80.110001,80.580002,79.889999,80,64.771927,11320000
,2019-03-13,80.589996,80.760002,80.199997,80.709999,65.346779,10260200
,2019-03-14,80.800003,80.910004,80.349998,80.440002,65.128181,9976700
,2019-03-15,80.18,80.550003,80.099998,80.150002,64.893387,25316400
,2019-03-18,80.440002,81.25,80.440002,81.080002,65.646355,9840600
,2019-03-19,81.580002,82,80.639999,80.870003,65.476326,13936500
,2019-03-20,80.75,81.919998,80.559998,81.32,65.840668,13133600
,2019-03-21,80.809998,81.889999,80.800003,81.790001,66.221199,10117000
,2019-03-22,81.230003,81.440002,80.300003,80.480003,65.160568,12497700
,2019-03-25,80,80.440002,79.589996,79.919998,64.707153,11320400
,2019-03-26,80.330002,81.269997,80.18,80.959999,65.549202,9472800
,2019-03-27,80.970001,81.309998,79.82,80.339996,65.047203,7258700
,2019-03-28,80.029999,80.790001,80.019997,80.739998,65.371086,7412300
,2019-03-29,81.330002,81.480003,80.480003,80.800003,65.419655,10889200
,2019-04-01,81.230003,81.779999,81.080002,81.730003,66.172623,10816400
,2019-04-02,81.75,81.949997,81.110001,81.379997,65.889244,7646000
,2019-04-03,81.769997,81.769997,80.610001,80.900002,65.500626,8562900
,2019-04-04,81.120003,82.080002,80.769997,82.050003,66.431725,9360600
,2019-04-05,82.150002,82.529999,81.949997,82.489998,66.787956,10059100
,2019-04-08,82.669998,83.199997,82.589996,83,67.20089,9108200
,2019-04-09,82.519997,82.580002,81.739998,81.93,66.334549,8561600
,2019-04-10,81.919998,82.080002,81.410004,81.559998,66.034981,10324300
,2019-04-11,81.540001,82.07,81.019997,81.949997,66.350754,9115100
,2019-04-12,82.809998,82.809998,80.580002,80.919998,65.516823,16638700
,2019-04-15,80.889999,81.059998,80.519997,80.650002,65.298195,8536100
,2019-04-16,80.809998,81.349998,80.690002,81.199997,65.743515,7005700
,2019-04-17,81.550003,81.699997,81.080002,81.43,65.929733,8311400
,2019-04-18,81.559998,81.830002,81.07,81.129997,65.686836,9493900
,2019-04-22,81.870003,83.220001,81.639999,82.900002,67.119919,10770600
,2019-04-23,83.190002,83.489998,82.68,83.379997,67.508553,10595100
,2019-04-24,83.010002,83.080002,81.730003,81.760002,66.196915,11684000
,2019-04-25,81.650002,82.839996,81.400002,82.220001,66.569366,11135000
,2019-04-26,80.269997,80.629997,79.559998,80.489998,65.168648,18053500
,2019-04-29,80.120003,80.379997,79.660004,79.970001,64.747643,10023700
,2019-04-30,80.370003,80.529999,79.93,80.279999,64.998642,13721500
,2019-05-01,79.940002,80.260002,78.620003,78.669998,63.695099,13909800
,2019-05-02,78.279999,78.5,77.239998,77.290001,62.577793,15360400
,2019-05-03,77.790001,78.209999,77.440002,77.470001,62.723526,12180700
,2019-05-06,76.919998,77.660004,76.709999,77.129997,62.448238,13367100
,2019-05-07,76.5,76.790001,75.769997,76.720001,62.116287,13498800
,2019-05-08,76.540001,77.290001,76.419998,76.839996,62.213448,11352900
,2019-05-09,76.349998,76.879997,75.959999,76.769997,62.156757,13221600
,2019-05-10,76.18,76.790001,75.169998,76.559998,62.697262,11056000
,2019-05-13,75.650002,76.230003,75.360001,75.709999,62.001167,12176100
,2019-05-14,76.129997,76.800003,75.760002,75.809998,62.083061,10548400
,2019-05-15,75.57,76.550003,75.209999,76.370003,62.541668,8918000
,2019-05-16,76.400002,76.949997,76.220001,76.360001,62.533474,8105200
,2019-05-17,75.650002,76.300003,75.589996,75.910004,62.164978,9279400
,2019-05-20,76.050003,76.360001,75.669998,75.900002,62.15678,7154300
,2019-05-21,76.269997,76.459999,75.93,76.25,62.44339,8489900
,2019-05-22,76.019997,76.220001,75.389999,75.559998,61.87833,7858300
,2019-05-23,74.769997,74.800003,73.040001,73.790001,60.428822,14657200
,2019-05-24,74.139999,74.25,73.440002,74.099998,60.682693,7056400
,2019-05-28,74.239998,74.25,72.489998,72.610001,59.462479,14912900
,2019-05-29,71.889999,72.43,71.620003,72.160004,59.093971,13645200
,2019-05-30,72.019997,72.129997,71.529999,71.970001,58.938366,9362100
,2019-05-31,71.190002,71.550003,70.629997,70.769997,57.955654,13983300
,2019-06-03,71.089996,72.010002,70.970001,71.879997,58.86467,11831000
,2019-06-04,72.449997,73.660004,72.169998,73.589996,60.26503,10423000
,2019-06-05,73.639999,73.639999,72.580002,72.980003,59.765495,10617800
,2019-06-06,73.709999,74.620003,73.589996,74.309998,60.854656,11738900
,2019-06-07,74.510002,74.959999,74.43,74.580002,61.075798,9095500
,2019-06-10,75.190002,75.330002,74.449997,74.910004,61.34602,7760400
,2019-06-11,75.510002,75.809998,74.82,74.839996,61.2887,9415100
,2019-06-12,74.480003,74.610001,73.809998,74.029999,60.625374,7920800
,2019-06-13,74.699997,75.169998,74.379997,74.68,61.157688,8986400
,2019-06-14,74.68,74.809998,74.230003,74.349998,60.887428,8575900
,2019-06-17,74.160004,75.190002,74.040001,75.089996,61.493427,9355700
,2019-06-18,75.419998,76.220001,75.349998,75.739998,62.025742,10091500
,2019-06-19,75.400002,75.849998,75.169998,75.32,61.681801,9757400
,2019-06-20,76.239998,76.970001,76.080002,76.610001,62.738209,16229700
,2019-06-21,77.139999,77.760002,76.870003,77.690002,63.62265,23108100
,2019-06-24,77.529999,77.760002,76.809998,76.949997,63.016636,10011800
,2019-06-25,77.080002,77.220001,76.190002,76.269997,62.459766,9740000
,2019-06-26,76.68,77.129997,76.470001,76.599998,62.730022,11365500
,2019-06-27,76.589996,76.75,75.760002,75.82,62.091255,8147800
,2019-06-28,76.190002,76.730003,75.940002,76.629997,62.754589,14781300
,2019-07-01,77.129997,77.93,76.290001,76.559998,62.697262,11437900
,2019-07-02,76.139999,76.269997,75.410004,75.720001,62.009354,10475400
,2019-07-03,75.82,76.5,75.629997,76.440002,62.598991,5246100
,2019-07-05,76.190002,76.349998,75.589996,76.129997,62.345119,6880800
,2019-07-08,76.139999,76.699997,75.919998,76.480003,62.631752,7876100
,2019-07-09,76.449997,76.769997,75.730003,76.43,62.590794,7863000
,2019-07-10,76.800003,77.629997,76.739998,77.510002,63.47525,8077400
,2019-07-11,77.410004,77.610001,77.050003,77.57,63.524391,6404000
,2019-07-12,77.75,77.879997,77.5,77.629997,63.573517,6139000
,2019-07-15,77.629997,77.739998,76.889999,77.080002,63.123108,7116400
,2019-07-16,76.919998,77.07,75.790001,75.93,62.181343,10197400
,2019-07-17,75.739998,75.959999,75.349998,75.480003,61.812824,7419300
,2019-07-18,75.029999,75.269997,74.18,74.839996,61.2887,11424500
,2019-07-19,74.900002,75.25,74.540001,74.989998,61.411522,11243100
,2019-07-22,75.239998,75.300003,74.5,75.07,61.477055,8368800
,2019-07-23,75.150002,75.769997,74.75,75.370003,61.722733,8551200
,2019-07-24,75.389999,76.050003,74.849998,75.360001,61.714546,8260200
,2019-07-25,75.779999,75.779999,74.800003,74.93,61.362396,9083900
,2019-07-26,74.870003,75.080002,74.599998,74.809998,61.264118,7677300
,2019-07-29,74.879997,75.379997,74.699997,75.339996,61.69817,7091900
,2019-07-30,75.059998,75.559998,74.889999,75.349998,61.706367,6961200
,2019-07-31,75.040001,75.660004,74.260002,74.360001,60.895638,13104600
,2019-08-01,73.739998,74.269997,72.269997,72.459999,59.339653,17132800
,2019-08-02,72.610001,73.260002,71.18,71.75,58.758213,21376700
,2019-08-05,70.779999,70.919998,69.610001,70.279999,57.554382,19080900
,2019-08-06,70.290001,71.010002,70.279999,70.959999,58.111252,12282400
,2019-08-07,69.860001,70.879997,69.400002,70.5,57.73455,15231100
,2019-08-08,70.849998,72.410004,70.620003,72.379997,59.274143,14304100
,2019-08-09,72.129997,72.25,70.470001,70.839996,58.012989,13686600
,2019-08-12,70.059998,70.160004,69.330002,69.629997,57.731087,9542600
,2019-08-13,69.269997,70.620003,68.919998,70.489998,58.444111,12403300
,2019-08-14,69.07,69.089996,67.650002,67.650002,56.089447,18114400
,2019-08-15,67.459999,67.559998,66.529999,67.25,55.757797,12874400
,2019-08-16,67.779999,68.459999,67.269997,68.300003,56.628365,12649000
,2019-08-19,68.970001,69.650002,68.860001,69.449997,57.581848,10032800
,2019-08-20,69.300003,69.300003,68.709999,69.029999,57.233612,9743500
,2019-08-21,69.959999,69.980003,69.370003,69.720001,57.805702,10134200
,2019-08-22,69.910004,69.959999,69.25,69.57,57.681343,8972000
,2019-08-23,68.82,69.529999,67.029999,67.489998,55.956787,15371900
,2019-08-26,68.120003,68.260002,67.529999,67.849998,56.255264,7343900
,2019-08-27,68.129997,68.440002,66.970001,67.190002,55.708057,9490900
,2019-08-28,67.529999,67.980003,67.160004,67.68,56.114315,9647400
,2019-08-29,68.300003,68.669998,68.089996,68.43,56.736156,9004100
,2019-08-30,68.610001,69.080002,68.059998,68.480003,56.777607,9180800
,2019-09-03,67.889999,68.68,67.629997,68.559998,56.843925,9849700
,2019-09-04,69.5,69.610001,69.089996,69.290001,57.449188,6959200
,2019-09-05,69.839996,70.550003,69.699997,70.269997,58.261711,9901500
,2019-09-06,70.349998,70.949997,70.120003,70.93,58.808933,10418500
,2019-09-09,71.160004,72.07,70.980003,71.489998,59.273232,12840200
,2019-09-10,72.139999,72.849998,71.620003,72.07,59.754112,13810800
,2019-09-11,72.779999,72.839996,71.550003,71.93,59.638039,10525700
,2019-09-12,70.980003,72.160004,70.699997,71.980003,59.679497,9100700
,2019-09-13,72.260002,72.720001,72.059998,72.639999,60.226715,7337200
,2019-09-16,75.040001,75.18,73.599998,73.730003,61.130444,19830200
,2019-09-17,73.82,74.080002,72.629997,73.169998,60.666142,14452200
,2019-09-18,72.650002,72.970001,72.330002,72.82,60.375942,7292200
,2019-09-19,72.970001,73.190002,72.190002,72.330002,59.969692,8050200
,2019-09-20,72.489998,72.5,71.860001,72.080002,59.762405,19736600
,2019-09-23,71.519997,72.360001,71.459999,72.129997,59.803848,7495200
,2019-09-24,71.809998,71.870003,70.82,71.139999,58.983047,13307100
,2019-09-25,70.980003,71.470001,70.82,71.349998,59.157158,8035200
,2019-09-26,71.220001,71.349998,70.68,70.970001,58.842098,8420200
,2019-09-27,70.699997,71.669998,70.629997,71.480003,59.264935,8224000
,2019-09-30,71.239998,71.449997,70.580002,70.610001,58.543606,9768900
,2019-10-01,70.830002,70.910004,68.910004,68.949997,57.167286,10279100
,2019-10-02,68.269997,68.589996,67.010002,67.150002,55.674889,14503700
,2019-10-03,67,68,66.309998,67.980003,56.363056,10788400
,2019-10-04,68.110001,69.07,67.82,68.970001,57.183876,10534800
,2019-10-07,68.699997,69.029999,68.019997,68.019997,56.396214,10993000
,2019-10-08,67.540001,67.919998,66.639999,66.699997,55.301785,9748700
,2019-10-09,67.300003,67.699997,67.199997,67.440002,55.915333,8580900
,2019-10-10,67.43,68.360001,67.379997,68.25,56.586906,7100100
,2019-10-11,68.980003,69.489998,68.889999,68.980003,57.192169,10101900
,2019-10-14,68.599998,69.370003,68.589996,69.18,57.357986,6234600
,2019-10-15,69.059998,70,69.010002,69.419998,57.556976,6645700
,2019-10-16,69.209999,69.529999,68.209999,68.230003,56.570332,9765800
,2019-10-17,68.480003,68.879997,68.080002,68.139999,56.495716,9757200
,2019-10-18,67.870003,68.150002,67.610001,67.610001,56.056271,13472700
,2019-10-21,67.82,68.769997,67.82,68.739998,56.993183,10199300
,2019-10-22,68.779999,69.760002,68.650002,69.089996,57.28336,9536000
,2019-10-23,68.959999,69.760002,68.779999,69.75,57.830574,8641800
,2019-10-24,69.959999,70.050003,69.019997,69.089996,57.28336,9003600
,2019-10-25,68.900002,69.480003,68.900002,69.25,57.416019,7607200
,2019-10-28,69.459999,69.669998,68.580002,68.639999,56.910259,11209600
,2019-10-29,68.480003,69.029999,68.239998,68.440002,56.744438,13894400
,2019-10-30,68.370003,68.370003,67.269997,67.720001,56.147484,12840600
,2019-10-31,67.459999,67.720001,67.139999,67.57,56.023109,16169100
,2019-11-01,68.389999,69.610001,68.309998,69.599998,57.706219,14108700
,2019-11-04,70.07,71.870003,69.940002,71.669998,59.422482,15858200
,2019-11-05,72.040001,73.120003,71.849998,73.089996,60.599796,14930400
,2019-11-06,72.730003,72.870003,71.199997,71.489998,59.273232,13996500
,2019-11-07,72.029999,73.029999,72,73.010002,60.533485,13073800
,2019-11-08,71.610001,71.800003,70.660004,70.769997,59.3839,12106000
,2019-11-11,70.209999,70.610001,69.970001,70.339996,59.023079,8674000
,2019-11-12,70.269997,70.410004,68.980003,69.370003,58.209152,13918600
,2019-11-13,69.019997,69.150002,68.599998,68.800003,57.730858,11773700
,2019-11-14,68.860001,68.970001,68.18,68.5,57.479118,11279800
,2019-11-15,68.709999,69.300003,68.669998,69.190002,58.058121,11252800
,2019-11-18,68.699997,68.82,68.300003,68.519997,57.495892,10095600
,2019-11-19,68.400002,68.559998,67.779999,67.82,56.90852,12605500
,2019-11-20,67.669998,68.540001,67.32,68.029999,57.084743,16930700
,2019-11-21,68.019997,69.75,67.919998,69.669998,58.460873,14080900
,2019-11-22,69.709999,70.18,69.330002,69.370003,58.209152,12143600
,2019-11-25,69.370003,69.440002,68.709999,68.910004,57.823154,10670000
,2019-11-26,68.919998,69.040001,68.440002,68.739998,57.680508,15457000
,2019-11-27,68.760002,69.089996,68.410004,68.699997,57.646938,8393900
,2019-11-29,68.330002,68.529999,68,68.129997,57.168648,7980800
,2019-12-02,68.5,68.879997,68.370003,68.419998,57.411991,11116900
,2019-12-03,68,68.25,67.519997,67.879997,56.958858,12245800
,2019-12-04,68.25,68.760002,68.139999,68.650002,57.604988,11049700
,2019-12-05,68.889999,68.970001,68.209999,68.410004,57.403603,13109000
,2019-12-06,68.760002,69.870003,68.760002,69.510002,58.326622,13710800
,2019-12-09,69.080002,69.970001,69.019997,69.660004,58.452496,12397700
,2019-12-10,69.660004,70.150002,68.699997,69.059998,57.949013,14281800
,2019-12-11,68.739998,69.760002,68.669998,68.959999,57.865105,13748400
,2019-12-12,68.959999,70.379997,68.900002,70.339996,59.023079,17068500
,2019-12-13,70.480003,70.540001,69.120003,69.230003,58.091667,12274500
,2019-12-16,69.699997,70.25,69.699997,70,58.737774,15208700
,2019-12-17,69.980003,70.379997,69.309998,69.68,58.469269,14450700
,2019-12-18,69.629997,70.290001,69.279999,69.870003,58.628712,13652300
,2019-12-19,69.989998,70.050003,69.239998,69.389999,58.225925,13273200
,2019-12-20,69.860001,70.230003,69.389999,69.940002,58.687431,35092000
,2019-12-23,69.860001,70.300003,69.529999,70.290001,58.981133,14172500
,2019-12-24,70.349998,70.5,69.910004,70.019997,58.754566,3979400
,2019-12-26,70.190002,70.5,70.010002,70.129997,58.846874,8840200
,2019-12-27,70.199997,70.309998,69.879997,69.889999,58.645485,10516100
,2019-12-30,70.089996,70.440002,69.400002,69.480003,58.301449,12689400
,2019-12-31,69.019997,69.800003,69.010002,69.779999,58.553181,13151800
,2020-01-02,70.239998,71.019997,70.239998,70.900002,59.492981,12456400
,2020-01-03,71.339996,71.370003,70.160004,70.330002,59.014694,17386900
,2020-01-06,70.32,71.360001,70.230003,70.870003,59.467815,20081900
,2020-01-07,70.5,70.519997,69.510002,70.290001,58.981133,17387700
,2020-01-08,70.110001,70.290001,69.169998,69.230003,58.091667,15137700
,2020-01-09,69.139999,69.900002,68.629997,69.760002,58.536404,14811800
,2020-01-10,69.93,69.959999,69.120003,69.139999,58.01614,11995600
,2020-01-13,69.199997,69.870003,69.110001,69.800003,58.569962,9953900
,2020-01-14,69.379997,69.580002,68.889999,69.199997,58.066498,16261000
,2020-01-15,69.199997,69.589996,68.889999,69.089996,57.974186,11390300
,2020-01-16,69.300003,69.580002,68.800003,68.82,57.747646,13340300
,2020-01-17,68.75,69.080002,68.290001,68.559998,57.529461,18144100
,2020-01-21,68.379997,68.419998,67.510002,67.580002,56.707138,17982600
,2020-01-22,67.559998,67.699997,67,67.190002,56.379883,17033100
,2020-01-23,66.709999,66.93,66.050003,66.769997,56.027454,19605900
,2020-01-24,66.540001,66.68,66.040001,66.32,55.649853,18238600
,2020-01-27,65.419998,65.730003,64.699997,64.739998,54.324055,21231000
,2020-01-28,65.110001,65.199997,64.629997,64.650002,54.248539,19664700
,2020-01-29,65.029999,65.129997,63.900002,64.110001,53.795422,14202800
,2020-01-30,63.779999,64.879997,63.43,64.790001,54.366016,18544700
,2020-01-31,63.200001,63.200001,61.860001,62.119999,52.125584,34282900
,2020-02-03,61.380001,61.419998,60.369999,60.73,50.959225,27389300
,2020-02-04,61.450001,61.91,59.889999,59.970001,50.321495,31922100
,2020-02-05,60.75,62.93,60.599998,62.73,52.637444,32099200
,2020-02-06,62.93,63.009998,61.779999,61.880001,51.924198,16055400
,2020-02-07,61.41,61.66,61.060001,61.470001,51.580166,15112500
,2020-02-10,60.48,60.52,59.619999,59.959999,51.035423,20934500
,2020-02-11,60.580002,60.889999,60.169998,60.529999,51.520588,14908700
,2020-02-12,61.34,61.529999,60.560001,61.27,52.150444,17862100
,2020-02-13,61.060001,61.419998,60.560001,60.93,51.861046,16949400
,2020-02-14,61.150002,61.16,60.279999,60.650002,51.62273,10855300
,2020-02-18,60.150002,60.389999,59.450001,59.880001,50.967327,18948500
,2020-02-19,60.110001,60.619999,59.830002,60.34,51.358868,12804900
,2020-02-20,60.23,60.540001,59.720001,59.860001,50.95031,14817200
,2020-02-21,59.509998,59.509998,58.790001,59.130001,50.328964,20315700
,2020-02-24,57.619999,57.799999,56.360001,56.360001,47.97126,32096600
,2020-02-25,56.75,56.75,53.970001,54.200001,46.132759,36414500
,2020-02-26,54.549999,54.82,52.93,53.009998,45.119877,29801000
,2020-02-27,51.709999,52.439999,49.799999,49.82,42.40469,48141300
,2020-02-28,48.77,51.439999,48.009998,51.439999,43.783558,62446700
,2020-03-02,52.59,53.889999,51.130001,53.880001,45.860386,38127600
,2020-03-03,53.950001,54.150002,50.98,51.299999,43.664398,50580700
,2020-03-04,52.23,52.48,51.119999,52.419998,44.617699,24079600
,2020-03-05,50.419998,50.700001,49.040001,50.110001,42.65152,40788200
,2020-03-06,48.84,49.009998,47.200001,47.689999,40.591724,55640500
,2020-03-09,41.709999,44.57,40.799999,41.860001,35.629471,72896300
,2020-03-10,46.169998,46.259998,41.450001,43.41,36.948761,60445900
,2020-03-11,42.389999,43.48,41.75,41.98,35.731606,51986100
,2020-03-12,39.900002,40.650002,37,37.18,31.646053,65725300
,2020-03-13,40.009998,40.139999,35,38.119999,32.446136,79891500
,2020-03-16,34.400002,37.880001,33.25,34.490002,29.356441,48924700
,2020-03-17,35.209999,37.380001,34.200001,36.810001,31.331125,41204400
,2020-03-18,34.549999,36.709999,31.23,33.119999,28.190346,54036400
,2020-03-19,33.73,34.900002,32.349998,34.43,29.305367,49412400
,2020-03-20,34.84,35.18,31.559999,32.740002,27.866905,76534600
,2020-03-23,32.529999,32.700001,30.110001,31.450001,26.768913,56952500
,2020-03-24,34.419998,36.169998,33.330002,35.439999,30.165033,61835600
,2020-03-25,36.509998,38.59,35.18,37.290001,31.739687,56607700
,2020-03-26,37.5,39.560001,36.720001,38.82,33.04195,46722000
,2020-03-27,37.130001,37.68,36.200001,36.950001,31.450283,51558600
,2020-03-30,36.23,38.150002,35.860001,37.5,31.918415,45835000
,2020-03-31,38.34,39.450001,37.369999,37.970001,32.318466,41491600
,2020-04-01,36.860001,38.700001,36.34,37.529999,31.943954,36045900
,2020-04-02,38.740002,41.959999,37.900002,40.400002,34.386776,62000200
,2020-04-03,41.450001,42.18,38.52,39.209999,33.373894,48425700
,2020-04-06,39.880001,40.830002,39.23,40.470001,34.446358,41301900
,2020-04-07,42.900002,43.32,41.16,41.240002,35.101749,48921800
,2020-04-08,41.950001,44.040001,41.470001,43.849998,37.323269,33355600
,2020-04-09,45.459999,46.709999,41.740002,43.130001,36.710438,60107300
,2020-04-13,44.450001,44.689999,41.970001,42.759998,36.395512,29651900
,2020-04-14,43,43.75,41.91,42.43,36.114635,30769000
,2020-04-15,41,41.060001,39.380001,40.48,34.454872,33125000
,2020-04-16,40.48,40.48,38.93,39.150002,33.32283,30934000
,2020-04-17,39.880001,43.32,39.869999,43.220001,36.787041,40829100
,2020-04-20,40.75,42.740002,40.540001,41.18,35.050682,39260800
,2020-04-21,40.400002,42.130001,39.630001,40.959999,34.863422,44381600
,2020-04-22,42.599998,42.93,41.860001,42.130001,35.859283,27074200
,2020-04-23,43.130001,44.66,42.810001,43.450001,36.982815,35271000
,2020-04-24,44.400002,44.889999,43.130001,43.73,37.221134,28653800
,2020-04-27,43.59,44.32,42.23,43.939999,37.399876,28274400
,2020-04-28,44.369999,45.389999,44.110001,44.970001,38.276569,26545100
,2020-04-29,46.259998,47.599998,46.16,47.459999,40.39595,29502500
,2020-04-30,47.68,47.68,45.77,46.470001,39.553307,37076300
,2020-05-01,45.630001,46.389999,43,43.139999,36.718948,35399300
,2020-05-04,42.509998,44.939999,42.220001,44.880001,38.199966,27465600
,2020-05-05,46.259998,47.150002,44.66,44.830002,38.157413,29276200
,2020-05-06,44.93,45.27,43.900002,43.990002,37.442432,22659000
,2020-05-07,44.959999,45.27,43.970001,44.240002,37.655228,22160300
,2020-05-08,45.310001,46.220001,44.98,46.18,39.306465,19977400
,2020-05-11,46.110001,46.200001,45.509998,45.740002,38.931961,22258000
,2020-05-12,45.419998,45.669998,44.119999,44.119999,38.281216,25439100
,2020-05-13,43.740002,43.869999,41.599998,41.93,36.381039,30827900
,2020-05-14,41.07,42.549999,40.200001,42.299999,36.702072,24856500
,2020-05-15,42.380001,43.009998,41.849998,42,36.441776,22445600
,2020-05-18,44.400002,45.580002,44.060001,45.34,39.339767,32026100
,2020-05-19,45.549999,46.630001,43.93,43.939999,38.125034,21771600
,2020-05-20,44.619999,45.580002,44.57,45.369999,39.365788,19352400
,2020-05-21,45.439999,45.790001,44.389999,44.560001,38.662983,19130700
,2020-05-22,44.049999,44.669998,43.450001,44.599998,38.697689,15406400
,2020-05-26,45.740002,46.299999,45.470001,45.91,39.834324,20356500
,2020-05-27,46.66,47.139999,45.41,46.240002,40.120655,20788300
,2020-05-28,46.43,46.459999,44.93,45.040001,39.079464,19698000
,2020-05-29,44.82,45.689999,44.369999,45.470001,39.45256,25874700
,2020-06-01,45.32,46.450001,44.799999,46.279999,40.155365,19031000
,2020-06-02,46.860001,47.450001,46.75,47.310001,41.049053,22319000
,2020-06-03,48,49.400002,47.950001,49.240002,42.723644,23418000
,2020-06-04,48.880001,49.150002,48.16,49.099998,42.602169,18731400
,2020-06-05,51.650002,53.450001,51.599998,53.080002,46.055466,41328900
,2020-06-08,54.720001,55.360001,53.459999,54.740002,47.495781,33579400
,2020-06-09,52.880001,53.970001,52.450001,53.52,46.437233,27276900
,2020-06-10,53.5,53.5,50.599998,50.650002,43.947052,31156800
,2020-06-11,47.529999,48.84,46.099998,46.18,40.068596,39183000
,2020-06-12,48.040001,48.619999,45.91,47.169998,40.927578,30978100
,2020-06-15,45.349998,47.759998,44.75,47.139999,40.90155,27929300
,2020-06-16,49.57,49.75,47.240002,48.200001,41.82127,26203400
,2020-06-17,48,48.130001,46.599998,46.630001,40.459045,19279400
,2020-06-18,46.110001,47.330002,45.77,46.919998,40.71067,21478700
,2020-06-19,48.220001,48.259998,45.98,45.98,39.895061,48899900
,2020-06-22,45.689999,46.439999,45.400002,46.419998,40.276829,17565400
,2020-06-23,46.900002,47.220001,46.5,46.700001,40.519787,18916600
,2020-06-24,45.91,45.959999,44.25,44.5,38.610928,27626900
,2020-06-25,44.049999,45.240002,43.689999,45.169998,39.192261,19353600
,2020-06-26,44.880001,44.939999,43.5,43.619999,37.847382,31518600
,2020-06-29,43.810001,44.580002,43.540001,44.32,38.454754,17052100
,2020-06-30,43.43,44.970001,43.16,44.720001,38.801811,22153600
,2020-07-01,44.490002,45.380001,43.669998,43.709999,37.925476,17290100
,2020-07-02,44.619999,45.189999,43.93,44.080002,38.246513,18216600
,2020-07-06,44.669998,45.080002,43.84,44.389999,38.51548,22692000
,2020-07-07,43.900002,44,43.110001,43.240002,37.517677,17407600
,2020-07-08,43.150002,43.93,42.84,43.139999,37.430904,18291400
,2020-07-09,42.900002,43.099998,41.290001,41.360001,35.886467,25882000
,2020-07-10,41.119999,42.709999,41.099998,42.650002,37.005753,18951000
,2020-07-13,42.98,43.290001,42.23,42.66,37.014431,20028300
,2020-07-14,42.529999,44.189999,42.259998,44.07,38.237831,21444100
,2020-07-15,45.029999,45.09,44.209999,44.630001,38.723724,17332400
,2020-07-16,44.310001,44.810001,43.790001,44.279999,38.42004,14673700
,2020-07-17,44.330002,44.689999,43.389999,43.52,37.760616,17958900
,2020-07-20,43.209999,43.509998,42.48,42.5,36.875603,18553900
,2020-07-21,43.150002,45.189999,43.110001,44.650002,38.741074,28821800
,2020-07-22,44.150002,44.150002,43.369999,43.610001,37.838707,21345400
,2020-07-23,43.400002,43.82,43.02,43.700001,37.916801,17934400
,2020-07-24,43.880001,44.419998,43.189999,43.43,37.682529,16415300
,2020-07-27,43.23,44.09,42.970001,44.07,38.237831,18547900
,2020-07-28,43.91,44.25,43.459999,43.549999,37.786648,19190500
,2020-07-29,43.709999,44.09,43.34,44.029999,38.203125,14143200
,2020-07-30,43.130001,43.18,41.830002,41.869999,36.328972,29901100
,2020-07-31,41.16,42.169998,40.91,42.080002,36.511185,32116200
,2020-08-03,42.049999,42.5,41.470001,42.25,36.658684,23033600
,2020-08-04,42.34,43.599998,42.240002,43.470001,37.717236,17724000
,2020-08-05,44.150002,44.310001,43.529999,43.849998,38.046947,17175100
,2020-08-06,43.400002,43.900002,43.25,43.639999,37.864738,14434900
,2020-08-07,43.23,43.52,42.810001,43.439999,37.6912,18757900
,2020-08-10,43.990002,44.599998,43.599998,44.509998,38.619606,24367800
,2020-08-11,45.5,46.419998,44.73,44.970001,39.01873,28987500
,2020-08-12,44.459999,44.939999,43.630001,44.09,39.00988,22503200
,2020-08-13,43.5,43.869999,42.919998,43.009998,38.054317,17338700
,2020-08-14,42.599998,43.279999,42.41,43.200001,38.222424,13595700
,2020-08-17,43.169998,43.169998,42.470001,42.639999,37.726944,15554600
,2020-08-18,42.59,43.189999,42.290001,42.43,37.541145,13014000
,2020-08-19,42.349998,42.66,41.869999,41.959999,37.125305,14473100
,2020-08-20,41.689999,41.889999,41.299999,41.32,36.55904,15678500
,2020-08-21,41.299999,41.34,40.709999,41.009998,36.28476,25517700
,2020-08-24,41.279999,42.509998,41.09,42.220001,37.355339,18208900
,2020-08-25,41.66,42.07,40.700001,40.880001,36.169743,31285600
,2020-08-26,40.639999,40.84,40,40.009998,35.399979,26795000
,2020-08-27,40,40.299999,39.310001,39.740002,35.161095,32034300
,2020-08-28,39.84,40.919998,39.759998,40.689999,36.001633,33477100
,2020-08-31,40.639999,40.720001,39.900002,39.939999,35.338047,25259600
,2020-09-01,39.75,39.75,39.049999,39.43,34.88681,22464100
,2020-09-02,39.23,39.720001,38.950001,39.189999,34.674461,26413400
,2020-09-03,39.200001,40.029999,38.880001,39.110001,34.603687,28817200
,2020-09-04,39.459999,39.790001,38.650002,39.080002,34.577141,24632500
,2020-09-08,38.25,38.68,37.349998,38.18,33.780842,38496400
,2020-09-09,38.349998,38.84,37.919998,37.950001,33.577343,25886100
,2020-09-10,38.27,38.369999,36.900002,37,32.736797,34381200
,2020-09-11,37.130001,37.310001,36.490002,36.900002,32.648331,26838600
,2020-09-14,36.91,37.009998,36.490002,36.66,32.435978,26129900
,2020-09-15,36.799999,37.380001,36.209999,36.27,32.090912,23724200
,2020-09-16,36.459999,38.150002,36.27,37.810001,33.453472,30890900
,2020-09-17,37.349998,37.98,36.970001,37.799999,33.444622,24696200
,2020-09-18,37.529999,37.82,36.700001,37.189999,32.904911,46853800
,2020-09-21,36.43,36.709999,35.68,36.43,32.232479,35351800
,2020-09-22,36.459999,36.84,35.470001,35.529999,31.436172,27303200
,2020-09-23,35.650002,35.790001,34.349998,34.389999,30.427525,31251400
,2020-09-24,34.400002,34.82,33.759998,34.32,30.365589,26796000
,2020-09-25,34,34.939999,33.880001,34.639999,30.648722,23486000
,2020-09-28,35.139999,35.900002,35.099998,35.310001,31.241528,23396500
,2020-09-29,35,35.110001,33.990002,34.279999,30.3302,20770500
,2020-09-30,34.639999,34.919998,34.130001,34.330002,30.374443,22223700
,2020-10-01,33.790001,34.099998,32.939999,33.130001,29.312708,36890200
,2020-10-02,32.25,33.349998,32.209999,32.98,29.179991,32694300
,2020-10-05,33.32,33.75,33.169998,33.740002,29.852427,22965200
,2020-10-06,34.119999,34.419998,33.310001,33.389999,29.542746,26731800
,2020-10-07,33.639999,33.740002,33.209999,33.5,29.640078,23779300
,2020-10-08,33.880001,35.34,33.759998,35.259998,31.19729,34413700
,2020-10-09,35.68,35.950001,34.650002,34.740002,30.737202,29228600
,2020-10-12,34.540001,34.73,34.23,34.630001,30.639877,17912800
,2020-10-13,34.73,34.869999,34.099998,34.220001,30.277117,20995100
,2020-10-14,34.060001,34.830002,34.029999,34.150002,30.215181,17743000
,2020-10-15,33.700001,34.459999,33.27,34.450001,30.480619,23251600
,2020-10-16,34.369999,34.639999,33.880001,34.099998,30.170938,22627200
,2020-10-19,34.099998,34.369999,33.389999,33.419998,29.569292,23645800
,2020-10-20,33.66,33.93,33.330002,33.700001,29.817034,23040600
,2020-10-21,33.509998,33.619999,33.139999,33.16,29.339252,28619300
,2020-10-22,33.18,34.959999,33.02,34.860001,30.843372,31831500
,2020-10-23,34.970001,35.080002,33.860001,34.16,30.224028,27429100
,2020-10-26,33.610001,33.77,32.950001,33.349998,29.507359,30888700
,2020-10-27,33.150002,33.200001,32.700001,32.82,29.038424,27100700
,2020-10-28,32.099998,32.380001,31.52,31.57,27.932455,42136400
,2020-10-29,31.41,33.130001,31.110001,32.970001,29.171143,38622800
,2020-10-30,32.41,33.139999,32.009998,32.619999,28.861473,47885700
,2020-11-02,33.139999,34.459999,32.57,33.990002,30.07362,40130300
,2020-11-03,34.490002,34.490002,33.130001,33.41,29.560448,36773000
,2020-11-04,33.27,34.139999,32.529999,33.23,29.401186,35410100
,2020-11-05,33.369999,33.919998,33.139999,33.169998,29.348095,30824100
,2020-11-06,33.099998,33.66,32.619999,32.779999,29.003035,33985600
,2020-11-09,36.419998,38.009998,36.060001,36.93,32.674866,76879400
,2020-11-10,37.049999,37.43,35.98,36.860001,33.399769,49055400
,2020-11-11,37.09,37.119999,36.189999,36.48,33.055443,34124500
,2020-11-12,35.860001,36.290001,34.869999,35.23,31.922783,30933700
,2020-11-13,35.400002,36.25,35.380001,36.080002,32.692989,29241500
,2020-11-16,37.59,38.169998,37.099998,38.16,34.577736,38596800
,2020-11-17,37.810001,38.709999,37.380001,38.669998,35.039856,26521100
,2020-11-18,39.02,39.130001,37.200001,37.209999,33.716904,31068000
,2020-11-19,36.860001,37.5,36.560001,37.400002,33.889072,26954400
,2020-11-20,37.349998,37.41,36.779999,36.939999,33.472256,18351000
,2020-11-23,37.5,39.43,37.279999,39.360001,35.665077,29367600
,2020-11-24,40.509998,42.080002,40.220001,41.98,38.039127,46979300
,2020-11-25,41.669998,41.709999,40.650002,40.810001,36.978954,28178200
,2020-11-27,40.700001,40.939999,39.869999,40.189999,36.41716,14971900
,2020-11-30,39.799999,39.880001,37.970001,38.130001,34.550549,45614300
,2020-12-01,38.959999,39.650002,38.470001,38.5,34.885811,32472900
,2020-12-02,38.389999,40.419998,38.34,39.939999,36.190628,29369500
,2020-12-03,40.07,40.639999,39.73,40.209999,36.435284,27038900
,2020-12-04,40.77,41.759998,40.650002,41.68,37.767284,28723600
,2020-12-07,41.419998,41.540001,40.669998,40.900002,37.060509,24899400
,2020-12-08,40.529999,42.59,40.439999,42.240002,38.274723,32573800
,2020-12-09,42.709999,43.73,42.380001,42.799999,38.78215,37824800
,2020-12-10,43.200001,44.470001,42.759998,44.009998,39.878555,38058700
,2020-12-11,43.700001,43.93,43.209999,43.799999,39.688271,25478800
,2020-12-14,44.34,44.459999,42.18,42.220001,38.256592,30595000
,2020-12-15,42.439999,43.220001,42.060001,43.040001,38.999619,27138400
,2020-12-16,43.75,44.110001,42.959999,43.700001,39.597664,34273000
,2020-12-17,44,44.040001,43.400002,43.48,39.398315,21204600
,2020-12-18,43.27,43.779999,42.419998,42.73,38.718719,46596800
,2020-12-21,41.110001,42.080002,40.529999,41.950001,38.011944,27869500
,2020-12-22,41.580002,41.900002,41.23,41.240002,37.368595,21792900
,2020-12-23,41.509998,42.389999,41.459999,41.77,37.848843,19085900
,2020-12-24,41.650002,41.849998,41.380001,41.599998,37.694794,8039000
,2020-12-28,41.689999,42.549999,41.52,41.740002,37.821659,23877500
,2020-12-29,42.040001,42.119999,41.200001,41.27,37.395779,20287700
,2020-12-30,41.330002,42.419998,41.27,41.599998,37.694794,23807300
,2020-12-31,41.470001,41.68,40.970001,41.220001,37.350471,22786500
,2021-01-04,41.450001,42.25,41,41.5,37.604179,27764700
,2021-01-05,41.84,44.799999,41.830002,43.5,39.416435,44035100
,2021-01-06,44.41,45.099998,43.700001,44.610001,40.422234,36484800
,2021-01-07,45,45.57,44.529999,44.959999,40.73938,29528100
,2021-01-08,45.200001,45.82,44.950001,45.459999,41.19244,28628200
,2021-01-11,45.040001,47.139999,44.75,46.84,42.442886,38246200
,2021-01-12,47.459999,48.169998,46.91,47.880001,43.385265,36915100
,2021-01-13,48.529999,48.709999,47.689999,48.419998,43.874569,29000300
,2021-01-14,48.5,51.080002,48.5,50.310001,45.587143,35474800
,2021-01-15,48.91,49.080002,47.290001,47.889999,43.394325,42411300
,2021-01-19,48.450001,49.439999,48.349998,48.84,44.255142,24932600
,2021-01-20,49.110001,49.740002,48.990002,49.529999,44.880367,22342400
,2021-01-21,49.330002,49.389999,47.68,48.110001,43.593678,29044500
,2021-01-22,47.009998,47.639999,46.639999,47.43,42.977509,23264800
,2021-01-25,46.900002,47.049999,46.16,46.900002,42.497261,26395800
,2021-01-26,47.259998,47.860001,45.849998,45.869999,41.56395,23976800
,2021-01-27,45,46.66,44.529999,45.349998,41.092762,32410300
,2021-01-28,45.939999,46.59,45.689999,46.060001,41.736118,24967200
,2021-01-29,45.549999,46.040001,44.509998,44.84,40.630642,38961100
,2021-02-01,45.580002,45.580002,44.290001,44.919998,40.703133,24412400
,2021-02-02,45.810001,46.990002,45.279999,45.630001,41.346481,31940400
,2021-02-03,45.630001,47.669998,45.419998,47.419998,42.968445,28459300
,2021-02-04,47.880001,48.380001,47.25,48.330002,43.793018,25280300
,2021-02-05,49.18,50.119999,49.040001,49.950001,45.260937,34980100
,2021-02-08,50.919998,52.360001,50.709999,52.099998,47.20911,36998700
,2021-02-09,50.669998,50.959999,49.77,50.630001,46.656204,28977000
,2021-02-10,50.630001,51.419998,50.389999,51.119999,47.107746,25723800
,2021-02-11,50.889999,50.93,48.779999,49.84,45.928204,26972200
,2021-02-12,49.43,50.709999,49.41,50.52,46.554832,19756700
,2021-02-16,51.959999,52.529999,51.619999,52.040001,47.95554,28060100
,2021-02-17,52.349998,53.27,51.799999,52.849998,48.701958,25509700
,2021-02-18,52.810001,52.939999,51.860001,52.02,47.937103,20627600
,2021-02-19,52.110001,52.560001,51.919998,52.369999,48.259632,22607200
,2021-02-22,52.59,54.810001,52.59,54.299999,50.038158,36435100
,2021-02-23,54.98,55.259998,53.740002,55.049999,50.72929,33527900
,2021-02-24,55.189999,57,54.869999,56.700001,52.249786,28728600
,2021-02-25,56.98,57.25,55.349998,55.759998,51.383564,29670900
,2021-02-26,54.41,55.060001,53.119999,54.369999,50.102657,35291000
,2021-03-01,56.470001,57.610001,56.130001,56.400002,51.973331,36998300
,2021-03-02,56.650002,56.959999,56.02,56.07,51.669235,30302600
,2021-03-03,56.419998,57.959999,55.880001,56.52,52.083916,35358900
,2021-03-04,57.119999,59.470001,57.099998,58.709999,54.102024,52137500
,2021-03-05,59.830002,61.049999,59.110001,60.93,56.147785,51429800
,2021-03-08,61.580002,61.610001,59.82,60.869999,56.092495,38154600
,2021-03-09,60.610001,61.389999,59.470001,59.93,55.226276,35645900
,2021-03-10,60.52,61.919998,60.029999,61.77,56.921856,31579100
,2021-03-11,61.779999,62.549999,61.259998,61.310001,56.497959,24802600
,2021-03-12,61.549999,62.369999,61.5,61.970001,57.106163,20422700
,2021-03-15,61.490002,61.860001,59.869999,60.389999,55.650169,31243600
,2021-03-16,59.540001,59.66,58.439999,59.110001,54.470631,30624800
,2021-03-17,58.689999,59.73,58.619999,59.369999,54.710224,25575500
,2021-03-18,58.810001,58.970001,56.52,56.810001,52.351154,38622800
,2021-03-19,56.709999,57.470001,55.810001,56.490002,52.056271,84439400
,2021-03-22,56.5,56.860001,55.900002,55.91,51.521793,29315100
,2021-03-23,54.939999,56.290001,54.450001,55.220001,50.885948,33493300
,2021-03-24,56.080002,57.279999,56.080002,56.34,51.918037,29781800
,2021-03-25,55.209999,56.5,54.5,56.18,51.770603,31495900
,2021-03-26,57.299999,57.779999,56.52,57.709999,53.180515,34226500
,2021-03-29,57.34,57.82,56.740002,57.400002,52.894852,21144400
,2021-03-30,56.860001,57.360001,56.490002,56.689999,52.240566,20303400
,2021-03-31,56.349998,56.630001,55.799999,55.830002,51.448074,23686500
,2021-04-01,56.32,57.450001,56.139999,57.389999,52.885628,23194500
,2021-04-05,57.299999,57.32,56.139999,56.5,52.065483,23264800
,2021-04-06,56.84,57.540001,56.259998,56.34,51.918037,18926300
,2021-04-07,56.389999,56.77,56.240002,56.59,52.148422,22385000
,2021-04-08,55.93,56.080002,55.32,56,51.604721,21999300
,2021-04-09,56,56.439999,55.529999,55.869999,51.484924,20020700
,2021-04-12,56.759998,56.790001,55.310001,55.5,51.143974,20238800
,2021-04-13,55.299999,55.98,55.09,55.709999,51.337482,19370600
,2021-04-14,56.41,58.009998,56.25,57.32,52.821125,28051100
,2021-04-15,57.419998,57.419998,56.779999,56.98,52.507809,23250300
,2021-04-16,57.360001,57.68,56.439999,56.66,52.212929,22752000
,2021-04-19,56.75,57.139999,55.959999,56.48,52.047054,21123300
,2021-04-20,56.470001,56.470001,54.779999,55.290001,50.950455,21782100
,2021-04-21,54.5,56.130001,54.299999,56,51.604721,16625600
,2021-04-22,55.990002,55.990002,55.02,55.27,50.932026,21600100
,2021-04-23,55.27,55.939999,55.18,55.57,51.208473,15337900
,2021-04-26,55.470001,56.290001,55.439999,55.68,51.309845,16083800
,2021-04-27,56.009998,56.630001,55.810001,56.41,51.982548,19278600
,2021-04-28,56.91,58.459999,56.790001,58.110001,53.549118,24729800
,2021-04-29,58.919998,59.48,58.150002,58.939999,54.313969,27318400
,2021-04-30,58.330002,58.889999,57.16,57.240002,52.747406,30518400
,2021-05-03,57.98,58.990002,57.740002,58.82,54.203392,20509600
,2021-05-04,59,59.5,58.509998,59.189999,54.544353,23522200
,2021-05-05,59.77,61.049999,59.400002,60.970001,56.18465,31526200
,2021-05-06,60.860001,61.639999,60.029999,61.549999,56.719128,26836800
,2021-05-07,61.07,62.470001,60.849998,62.43,57.530056,33610600
,2021-05-10,63.240002,64.019997,62.529999,62.580002,57.668282,31956600
,2021-05-11,61.630001,62.389999,60.389999,60.59,55.834473,34563800
,2021-05-12,60.009998,61.68,59.75,60.040001,56.133648,34426500
,2021-05-13,59,60.450001,58.75,59.299999,55.441799,24268200
,2021-05-14,59.93,60.880001,59.93,60.77,56.816154,20735400
,2021-05-17,60.540001,62.25,60.43,62.189999,58.143768,25282500
,2021-05-18,62,62.299999,60.400002,60.43,56.49828,25170800
,2021-05-19,59.099998,59.860001,58.419998,58.98,55.14262,28889800
,2021-05-20,58.950001,59.150002,58.240002,58.84,55.011726,20692500
,2021-05-21,59.419998,59.830002,58.849998,58.919998,55.086525,20792700
,2021-05-24,59.080002,59.799999,58.689999,59.610001,55.731632,18400300
,2021-05-25,59.5,59.540001,58.119999,58.259998,54.46946,25616100
,2021-05-26,58.25,59.119999,57.900002,58.939999,55.105221,21698700
,2021-05-27,59.23,59.700001,58.02,58.560001,54.74995,33556000
,2021-05-28,58.73,58.799999,58.110001,58.369999,54.572304,19246800
,2021-06-01,59.450001,60.700001,59.450001,60.459999,56.526321,28474200
,2021-06-02,60.75,61.310001,60.169998,60.939999,56.975094,22978300
,2021-06-03,60.549999,61.41,60.349998,61.18,57.199478,20272800
,2021-06-04,61.459999,61.700001,60.779999,61.450001,57.45192,20427800
,2021-06-07,61.330002,61.73,61.02,61.049999,57.077942,15477900
,2021-06-08,61.5,62.48,60.669998,62.130001,58.087673,28953400
,2021-06-09,62.669998,63.419998,62.189999,62.650002,58.573837,29133000
,2021-06-10,63.610001,63.98,62.25,62.75,58.667332,27488700
,2021-06-11,63.009998,63.189999,62.139999,62.169998,58.125069,17631700
,2021-06-14,62.299999,62.779999,61.57,62.07,58.031574,16997200
,2021-06-15,62.48,64.400002,62.349998,64.330002,60.144535,30717100
,2021-06-16,64.32,64.800003,63.560001,64.099998,59.929497,24803200
,2021-06-17,63.860001,64.459999,61.27,61.990002,57.956779,28491800
,2021-06-18,61,61.549999,60.240002,60.400002,56.470234,39590700
,2021-06-21,60.93,62.700001,60.900002,62.59,58.517746,33145400
,2021-06-22,62.849998,64.010002,62.23,63.790001,59.639668,25140400
,2021-06-23,64.050003,64.699997,63.580002,64.260002,60.07909,20701600
,2021-06-24,64.150002,64.559998,63.810001,64.519997,60.322166,19568400
,2021-06-25,64.610001,64.93,64.360001,64.660004,60.453068,18438300
,2021-06-28,64.559998,64.559998,62.75,63.009998,58.910416,20570000
,2021-06-29,63.209999,63.77,62.59,62.619999,58.545792,19579300
,2021-06-30,62.700001,63.23,62.450001,63.080002,58.975868,17875500
,2021-07-01,64.330002,64.419998,62.77,63.259998,59.14415,22530300
,2021-07-02,63.009998,63.32,62.419998,63.169998,59.060001,14555300
,2021-07-06,62.75,62.759998,60.900002,61.369999,57.377117,22110800
,2021-07-07,61.18,61.810001,59.619999,60.41,56.47958,21671400
,2021-07-08,59.450001,60.709999,59.310001,60.139999,56.227146,18935900
,2021-07-09,60.700001,61.450001,60.240002,61.23,57.246227,20086000
,2021-07-12,60.419998,61.5,60.16,61.169998,57.190132,21809400
,2021-07-13,61,61.509998,60.509998,60.880001,56.918999,17147300
,2021-07-14,61.169998,61.73,59.360001,59.529999,55.65683,21573600
,2021-07-15,59.169998,59.700001,58.77,58.950001,55.114571,15851100
,2021-07-16,59.18,59.259998,57.150002,57.32,53.590622,27049500
,2021-07-19,55.639999,56.200001,54.599998,55.349998,51.748791,37969100
,2021-07-20,55.5,56.599998,55.029999,55.959999,52.319107,26756100
,2021-07-21,56.860001,58.299999,56.830002,57.759998,54.001991,20908700
,2021-07-22,57.73,57.740002,56.66,57.110001,53.394287,13493800
,2021-07-23,57.290001,57.290001,56.470001,57.040001,53.328842,14088200
,2021-07-26,57.16,58.650002,57,58.48,54.675144,18387600
,2021-07-27,58.009998,58.009998,57.209999,57.830002,54.067444,16861400
,2021-07-28,58,58.630001,57.619999,58.220001,54.432064,16855300
,2021-07-29,59,59.330002,58.560001,58.93,55.095875,18607800
,2021-07-30,58.880001,58.880001,57.32,57.57,53.82436,28652800
,2021-08-02,57.549999,59.060001,57.400002,57.580002,53.83371,20873800
,2021-08-03,57.57,58.41,56.93,58.200001,54.413368,18208200
,2021-08-04,57.189999,57.880001,56.810001,56.84,53.14185,20868300
,2021-08-05,57.130001,57.700001,56.830002,57.200001,53.478432,15180200
,2021-08-06,57.66,58.07,57.529999,57.860001,54.095482,14888500
,2021-08-09,57.130001,57.52,56.830002,57.200001,53.478432,17828200
,2021-08-10,57.419998,58.360001,57.299999,58.18,54.394669,16340200
,2021-08-11,58.189999,58.5,57.720001,58.349998,54.553608,18278600
,2021-08-12,57.400002,57.790001,56.869999,57.349998,54.430225,19225500
,2021-08-13,57.029999,57.07,56.299999,56.77,53.879761,20063000
,2021-08-16,56.02,56.09,55.27,55.939999,53.092014,16959500
,2021-08-17,55.5,56.299999,55,55.560001,52.731358,16243700
,2021-08-18,55.419998,55.810001,54.310001,54.389999,51.620926,21890500
,2021-08-19,53.470001,53.709999,52.099998,52.73,50.045437,30923500
,2021-08-20,52.27,53.139999,52.110001,52.740002,50.054928,16918300
,2021-08-23,53.950001,55.060001,53.950001,54.91,52.114456,21632600
,2021-08-24,55.290001,55.849998,55.009998,55.360001,52.541542,17915600
,2021-08-25,55.240002,55.77,54.869999,55.459999,52.636452,13270300
,2021-08-26,55.200001,55.540001,54.630001,54.709999,51.924633,11842600
,2021-08-27,55.400002,56.209999,55.400002,55.77,52.930672,15822500
,2021-08-30,56.240002,56.34,55.119999,55.16,52.351723,14086100
,2021-08-31,54.93,55.310001,54.459999,54.52,51.744305,27104100
,2021-09-01,54.490002,54.759998,53.599998,53.77,51.032494,21644100
,2021-09-02,54.290001,55.639999,54.27,55.080002,52.275803,23293300
,2021-09-03,55.119999,55.32,54.599998,54.869999,52.076485,13840000
,2021-09-07,54.669998,55.27,54.470001,54.549999,51.772778,14354400
,2021-09-08,54.790001,55.18,54.009998,54.049999,51.298233,18756700
,2021-09-09,53.619999,55,53.299999,54.09,51.336197,19110800
,2021-09-10,55.189999,55.23,53.950001,53.98,51.231796,15123700
,2021-09-13,54.650002,55.93,54.619999,55.369999,52.551029,22052300
,2021-09-14,55.689999,55.77,54.41,54.580002,51.801258,19940300
,2021-09-15,55.369999,56.529999,55.310001,56.419998,53.547569,23240900
,2021-09-16,56.459999,56.459999,55.5,55.82,52.978123,17907200
,2021-09-17,55.34,56.75,55.099998,55.16,52.351723,30000400
,2021-09-20,53.779999,54.169998,52.959999,53.689999,50.956562,27555100
,2021-09-21,54.369999,54.509998,53.25,53.639999,50.909111,19696800
,2021-09-22,54.43,55.91,54.369999,55.209999,52.399174,25690600
,2021-09-23,55.419998,57.240002,55.279999,57.080002,54.173977,23069400
,2021-09-24,56.700001,57.82,56.68,57.59,54.658009,22328600
,2021-09-27,58.849998,59.799999,58.82,59.299999,56.280949,32972200
,2021-09-28,59.900002,60.48,59.509998,59.919998,56.869381,37619300
,2021-09-29,59.84,60.189999,59.049999,59.880001,56.831417,23422800
,2021-09-30,60.119999,60.169998,58.810001,58.82,55.82539,31289600
,2021-10-01,59.41,60.990002,59.41,60.93,57.827965,24407300
,2021-10-04,61.32,62.07,60.950001,61.720001,58.577747,33946700
,2021-10-05,62.52,62.700001,61.02,61.619999,58.482834,29641600
,2021-10-06,60.470001,61.119999,59.75,60.490002,57.410366,25284900
,2021-10-07,60.610001,61.080002,60.139999,60.66,57.571712,19513600
,2021-10-08,61.25,62.419998,61.25,62.18,59.014324,22186900
,2021-10-11,63.029999,63.060001,61.5,61.560001,58.425896,22121500
,2021-10-12,61.57,61.98,60.849998,61.240002,58.122189,20198600
,2021-10-13,60.779999,61.389999,60.209999,61.07,57.960838,14991700
,2021-10-14,61.709999,62.220001,61.169998,62,58.843491,18594500
,2021-10-15,62.73,63.07,62.439999,62.59,59.403454,16092600
,2021-10-18,63.09,63.139999,62.27,62.560001,59.374981,18282800
,2021-10-19,62.869999,63.610001,62.669998,63.5,60.267117,18933200
,2021-10-20,62.889999,63.869999,62.720001,63.849998,60.599297,14305200
,2021-10-21,63.470001,63.639999,62.349998,62.689999,59.498356,16564600
,2021-10-22,62.77,63.220001,62.349998,63.119999,59.906467,14266800
,2021-10-25,63.720001,64.419998,63.580002,64.349998,61.073841,17939800
,2021-10-26,64.489998,65.940002,64.360001,65.839996,62.48798,25585100
,2021-10-27,65.160004,65.25,63.98,64.129997,60.865044,21764500
,2021-10-28,63.82,64.470001,63.630001,64.309998,61.035877,16626400
,2021-10-29,65.050003,65.360001,64.330002,64.470001,61.187737,23966300
,2021-11-01,65.07,66.080002,65.019997,65.629997,62.288673,19656400
,2021-11-02,65.029999,65.449997,64.660004,64.82,61.519917,16300000
,2021-11-03,64.040001,64.449997,63.66,63.93,60.675232,17372800
,2021-11-04,64.68,64.889999,63.830002,64.410004,61.130798,17720100
,2021-11-05,65.050003,65.330002,64.559998,65.019997,61.709736,18565100
,2021-11-08,65.550003,66.379997,65.379997,65.720001,62.374107,17696000
,2021-11-09,65.769997,66.370003,65.309998,66.360001,62.981514,18781300
,2021-11-10,65.32,65.650002,63.77,64.190002,61.740742,20177200
,2021-11-11,64.190002,64.830002,64.019997,64.309998,61.856155,13319300
,2021-11-12,63.959999,64.370003,63.580002,63.82,61.384853,18158900
,2021-11-15,63.759998,64.769997,63.220001,64.370003,61.913872,18849200
,2021-11-16,64.339996,65.370003,64.339996,65.019997,62.539063,17028700
,2021-11-17,64.379997,65.239998,64.18,64.309998,61.856155,15497000
,2021-11-18,64.160004,64.529999,63.110001,63.610001,61.182869,16948200
,2021-11-19,61.889999,62.029999,60.41,60.669998,58.355045,32035500
,2021-11-22,60.32,62.540001,60.32,61.509998,59.162998,21994400
,2021-11-23,62.189999,63.380001,61.919998,63.130001,60.721188,21185900
,2021-11-24,62.580002,63.849998,62.580002,63.48,61.057827,15869700
,2021-11-26,60.52,61.419998,59.540001,61.25,58.912914,24979600
,2021-11-29,62.57,63.139999,61.290001,61.59,59.239948,18946400
,2021-11-30,60.459999,61.189999,59.66,59.84,57.556721,34979800
,2021-12-01,60.900002,62.029999,59.75,59.790001,57.508629,30630600
,2021-12-02,59.740002,61.580002,59.139999,61.279999,58.941772,29216000
,2021-12-03,61.919998,62.23,60.349998,60.889999,58.566654,22014700
,2021-12-06,61.720001,62.16,61.419998,61.580002,59.230328,19210500
,2021-12-07,62.34,63.029999,62.099998,62.27,59.893997,19800400
,2021-12-08,62.610001,63.189999,62.34,62.450001,60.067131,18214400
,2021-12-09,62.049999,62.77,61.810001,62.610001,60.221024,16910300
,2021-12-10,63.27,63.349998,62.23,63.009998,60.605766,17942400
,2021-12-13,62.470001,62.720001,61.349998,61.630001,59.278423,17793700
,2021-12-14,61.259998,62.470001,61.220001,61.540001,59.191853,22551100
,2021-12-15,61.189999,61.5,60.009998,61.27,58.932156,19961900
,2021-12-16,61.439999,62.450001,61.299999,61.369999,59.028336,21187800
,2021-12-17,60.950001,61.279999,59.689999,60.029999,57.739468,44338100
,2021-12-20,58.790001,59.25,57.959999,59.16,56.902664,21819300
,2021-12-21,59.75,60.68,59.720001,60.5,58.191536,19798900
,2021-12-22,60.34,61.369999,59.970001,60.990002,58.662838,14058300
,2021-12-23,61.169998,61.84,61,61.02,58.691692,13543300
,2021-12-27,60.93,61.950001,60.419998,61.889999,59.5285,12593700
,2021-12-28,61.91,62.310001,61.400002,61.689999,59.336132,12781000
,2021-12-29,61.48,61.599998,60.919998,61.150002,58.816734,12733600
,2021-12-30,61.220001,61.599998,60.77,60.790001,58.47047,11940300
,2021-12-31,60.740002,61.470001,60.700001,61.189999,58.855206,14072000
,2022-01-03,61.240002,63.599998,61.209999,63.540001,61.115536,24282400
,2022-01-04,64.129997,66.190002,64.099998,65.93,63.414345,38584000
,2022-01-05,66.5,67.610001,66.480003,66.75,64.203056,34033300
,2022-01-06,68,68.480003,67.07,68.32,65.71315,30668500
,2022-01-07,68.519997,69.18,67.980003,68.879997,66.251778,23985400
,2022-01-10,68.970001,69.169998,67.949997,68.470001,65.857437,22760300
,2022-01-11,68.889999,71.400002,68.580002,71.349998,68.627533,32936100
,2022-01-12,71.139999,71.809998,70.639999,71.139999,68.425552,23045100
,2022-01-13,71.120003,71.580002,70.309998,70.629997,67.935005,21043200
,2022-01-14,70.650002,72.150002,70.599998,71.870003,69.127701,23012900
,2022-01-18,72.82,73.879997,72.010002,73.080002,70.291527,32841200
,2022-01-19,73.75,73.860001,72.550003,73.110001,70.320389,26431600
,2022-01-20,72.5,74.370003,72.260002,73.269997,70.474274,26774600
,2022-01-21,73.18,73.18,71.040001,72.169998,69.416245,35995200
,2022-01-24,70.879997,73.080002,69.809998,72.790001,70.012596,41507000
,2022-01-25,72.589996,75.239998,71.389999,74.93,72.070938,39278400
,2022-01-26,75.43,76,73.489998,74.169998,71.339935,35252400
,2022-01-27,75.459999,76.010002,73.989998,75.120003,72.253693,29174700
,2022-01-28,74.970001,75.620003,73.949997,75.279999,72.407578,30595700
,2022-01-31,74.970001,76.419998,74.269997,75.959999,73.061638,36085500
,2022-02-01,76.449997,81.510002,76.269997,80.830002,77.745819,61033100
,2022-02-02,80.059998,80.809998,79.150002,80.620003,77.543831,30299300
,2022-02-03,80.089996,80.309998,79.019997,79.68,76.639694,28529400
,2022-02-04,80.870003,82.529999,80.870003,81.410004,78.303688,32197500
,2022-02-07,81.139999,83.080002,80.639999,82.389999,79.246292,34949200
,2022-02-08,82.269997,82.5,79.919998,80.260002,77.197571,34356300
,2022-02-09,79.580002,80.029999,78.709999,79,76.828011,40106100
,2022-02-10,78.720001,79.68,77.790001,78.239998,76.088913,28527700
,2022-02-11,78.620003,80.32,78.230003,80.209999,78.004753,42002100
,2022-02-14,79.580002,79.839996,77.050003,78.980003,76.808563,34652800
,2022-02-15,76.900002,78.190002,76.419998,77.989998,75.845779,25075100
,2022-02-16,78.790001,79.730003,78.040001,78.349998,76.195877,21733800
,2022-02-17,78.480003,79.120003,77.949997,78.230003,76.079185,23738800
,2022-02-18,77.160004,78.169998,76.889999,77.360001,75.233109,23394800
,2022-02-22,79.669998,79.790001,75.309998,76.459999,74.357841,35947800
,2022-02-23,76.459999,77.470001,76.129997,76.769997,74.659317,25385000
,2022-02-24,79,79.029999,74.029999,75.800003,73.715996,46199900
,2022-02-25,76.690002,77.989998,76.260002,77.839996,75.699898,28310300
,2022-02-28,76.510002,78.93,76.199997,78.419998,76.263954,32204600
,2022-03-01,78.769997,80.650002,78.330002,79.169998,76.99334,40002300
,2022-03-02,80.599998,82.150002,79.82,80.529999,78.315941,44321400
,2022-03-03,79.860001,81.769997,79.629997,81.040001,78.811928,30196600
,2022-03-04,81.050003,84.279999,80.660004,84.089996,81.778069,42802200
,2022-03-07,84.919998,87.230003,83.900002,87.120003,84.72477,55207900
,2022-03-08,89.050003,91.510002,85.43,87.779999,85.366615,72082300
,2022-03-09,84.029999,86.57,81.599998,82.790001,80.513817,65466700
,2022-03-10,84.010002,85.68,82.900002,85.360001,83.013153,44644200
,2022-03-11,84.07,86.230003,83.970001,84.919998,82.585251,35303400
,2022-03-14,83.059998,83.449997,80.5,81.879997,79.628822,37462600
,2022-03-15,78.82,79.169998,76.370003,77.220001,75.096954,47957900
,2022-03-16,77.809998,78.620003,76.25,76.93,74.814926,37812300
,2022-03-17,78.18,79.150002,77.07,78.980003,76.808563,34041900
,2022-03-18,79.059998,79.389999,78.099998,78.669998,76.50708,41461500
,2022-03-21,80.120003,82.519997,79.739998,82.199997,79.940033,33089300
,2022-03-22,81.629997,82.199997,80.790001,81.839996,79.589928,23132200
,2022-03-23,83.339996,84.269997,83.050003,83.129997,80.84446,27716300
,2022-03-24,83.459999,84.650002,82.75,83.379997,81.087593,19871600
,2022-03-25,82.919998,85.489998,82.790001,85.199997,82.857552,22398300
,2022-03-28,83.169998,83.309998,82.019997,82.809998,80.533264,21552400
,2022-03-29,80.809998,82.489998,79.760002,82.370003,80.10537,27036300
,2022-03-30,83.059998,84.010002,82.709999,83.779999,81.476593,22079000
,2022-03-31,82.870003,84.400002,82.550003,82.589996,80.319313,27861500
,2022-04-01,81.989998,84.139999,81.989998,83.120003,80.834747,18671100
,2022-04-04,83.559998,83.660004,82.050003,83.160004,80.873642,20869400
,2022-04-05,83.5,85.07,82.559998,82.730003,80.455467,21753100
,2022-04-06,83.419998,84.699997,82.940002,83.650002,81.350166,24768200
,2022-04-07,83.830002,85.440002,82.709999,85.050003,82.711678,26122000
,2022-04-08,85.169998,87.209999,85.169998,86.839996,84.452454,24866500
,2022-04-11,85.779999,85.93,83.5,83.849998,81.54467,21800100
,2022-04-12,85.709999,86.82,85.379997,85.599998,83.246552,22444200
,2022-04-13,86.610001,87.110001,85.190002,86.809998,84.423286,19306800
,2022-04-14,86.669998,88.459999,86.230003,87.830002,85.415245,24566400
,2022-04-18,88.5,88.889999,87.75,88.550003,86.115456,19032300
,2022-04-19,88.010002,88.660004,87.269997,87.760002,85.347176,20382600
,2022-04-20,87.970001,88.5,87.300003,87.959999,85.541672,20689400
,2022-04-21,88.949997,89.800003,86.790001,87.029999,84.637238,29010900
,2022-04-22,86.660004,88.120003,85,85.129997,82.789474,23591600
,2022-04-25,82.370003,82.660004,79.290001,82.260002,79.99839,37698300
,2022-04-26,82.730003,84.720001,82.18,82.290001,80.027565,28941500
,2022-04-27,83.389999,85.480003,82.279999,84.639999,82.31295,32773000
,2022-04-28,84.879997,88.139999,84.07,87.199997,84.802567,33683800
,2022-04-29,88.139999,88.139999,84.699997,85.25,82.906181,34656500
,2022-05-02,85.010002,87.040001,84.629997,86.410004,84.034294,36335200
,2022-05-03,86.260002,88.779999,86.120003,88.190002,85.765343,33908100
,2022-05-04,89.5,91.879997,88.910004,91.699997,89.178841,46188400
,2022-05-05,92.040001,92.050003,88.389999,90.309998,87.827065,41013400
,2022-05-06,90.980003,91.82,89.349998,91.690002,89.169128,29619300
,2022-05-09,89.440002,89.559998,84.019997,84.459999,82.137894,45851600
,2022-05-10,85.639999,86.889999,83.519997,85.019997,82.682495,34483200
,2022-05-11,86.43,88.940002,86.279999,86.790001,84.403839,33020600
,2022-05-12,85.949997,86.379997,83.400002,86.300003,84.787003,29491500
,2022-05-13,87.360001,88.949997,86.349998,88.860001,87.302116,25798400
,2022-05-16,88.980003,91.980003,88.970001,90.949997,89.355476,26101200
,2022-05-17,91.730003,92.449997,91.120003,92.110001,90.49514,23120700
,2022-05-18,92.510002,92.919998,89.830002,90.650002,89.060745,25451200
,2022-05-19,89,92.300003,89,91.139999,89.542152,24387400
,2022-05-20,91.93,93.589996,90.400002,91.860001,90.249527,28795000
,2022-05-23,92.660004,94.769997,92.550003,93.889999,92.243935,27239300
,2022-05-24,92.82,94.790001,92.32,94.400002,92.744995,24293300
,2022-05-25,94.580002,96.529999,94.470001,96.300003,94.611679,29947800
,2022-05-26,96.599998,97.43,96.199997,96.639999,94.945724,24314800
,2022-05-27,95.949997,97.93,95.300003,97.589996,95.879059,25588800
,2022-05-31,98.559998,99.779999,95.709999,96,94.316948,44888100
,2022-06-01,97.019997,98.709999,96.620003,97.839996,96.12468,25815400
,2022-06-02,97.290001,98.099998,96.790001,97.669998,95.957657,19089100
,2022-06-03,97.900002,99.660004,97.900002,99.089996,97.352768,21038200
,2022-06-06,99.18,99.779999,98.669998,98.839996,97.107147,20682100
,2022-06-07,99.699997,103.43,99.489998,103.370003,101.557732,37810200
,2022-06-08,103.489998,105.57,102.980003,104.589996,102.75634,31613200
,2022-06-09,103.419998,104.57,102.160004,102.330002,100.535973,26607000
,2022-06-10,101.940002,103.349998,99.790001,100.459999,98.698746,30950500
,2022-06-13,97.519997,97.769997,93.919998,95.849998,94.169571,33421000
,2022-06-14,97.410004,98.669998,95.269997,96.099998,94.415192,31264000
,2022-06-15,95.989998,96.57,93.269997,94.889999,93.226402,29620800
,2022-06-16,92.410004,93.129997,90.279999,91.389999,89.787766,35696700
,2022-06-17,90.959999,91.349998,85.660004,86.120003,84.610161,64610200
,2022-06-21,88.580002,92.529999,88.519997,91.480003,89.87619,35951500
,2022-06-22,87.540001,89.760002,87.529999,87.860001,86.319649,29727200
,2022-06-23,88.660004,89.050003,83.519997,85.209999,83.71611,35757200
,2022-06-24,86.949997,88.400002,85.809998,86.900002,85.376488,26639000
,2022-06-27,87.809998,90.040001,87.669998,89.029999,87.469139,25478700
,2022-06-28,91.120003,93.239998,90.349998,91.5,89.895836,33096900
,2022-06-29,92.980003,93.199997,87.760002,88.120003,86.575096,25400900
,2022-06-30,86.139999,87.599998,84.669998,85.639999,84.138573,39948100
,2022-07-01,86.739998,87.879997,84.709999,87.550003,86.015083,26327900
,2022-07-05,86.339996,86.699997,83.010002,84.809998,83.32312,34591100
,2022-07-06,83.760002,85.230003,81.010002,83.279999,81.819946,33375700
,2022-07-07,85.379997,86.760002,85.300003,85.940002,84.433319,23817400
,2022-07-08,86.949997,87.300003,84.93,86.080002,84.570862,17673800
,2022-07-11,85.169998,86.120003,84.360001,85.639999,84.138573,15603800
,2022-07-12,83.779999,85.050003,82.860001,84.5,83.018562,21013000
,2022-07-13,83.379997,86.309998,83.300003,84.839996,83.352592,19928600
,2022-07-14,81.849998,83.309998,80.690002,83.139999,81.682404,26343000
,2022-07-15,84.800003,84.879997,82.900002,84.540001,83.057854,17243700
,2022-07-18,86.580002,87.940002,85.75,86.099998,84.590508,19395800
,2022-07-19,86.419998,88.519997,86.25,88.269997,86.722458,18248900
,2022-07-20,87.580002,89.650002,87.25,89.239998,87.675453,16584400
,2022-07-21,86.93,87.800003,85.209999,87.75,86.211578,21375700
,2022-07-22,87.550003,88.470001,86.629997,87.080002,85.553322,15479500
,2022-07-25,88.160004,90.129997,87.419998,89.980003,88.402489,17536400
,2022-07-26,91.129997,91.279999,89,89.629997,88.058617,15141200
,2022-07-27,90.279999,92,89.400002,91.57,89.964615,18047000
,2022-07-28,92.18,93.25,91.010002,92.639999,91.015854,20353100
,2022-07-29,94.449997,97.519997,94.099998,96.93,95.230637,29825800
,2022-08-01,94.790001,95.349998,93.230003,94.480003,92.823601,20793200
,2022-08-02,94.690002,95.199997,93.82,94.07,92.420784,16722500
,2022-08-03,94.419998,94.419998,90.790001,91.019997,89.424248,23580800
,2022-08-04,90.309998,90.339996,86.43,87.190002,85.6614,31821500
,2022-08-05,86.360001,89.690002,86.279999,88.449997,86.8993,17408000
,2022-08-08,88.610001,89.599998,88.220001,88.949997,87.390541,14458500
,2022-08-09,90.050003,91.610001,89.949997,90.589996,89.001785,19083400
,2022-08-10,90.68,91.790001,89.190002,91.449997,89.84671,18302000
,2022-08-11,91.839996,94.300003,91.440002,93.190002,92.445793,18797900
,2022-08-12,92.480003,94.019997,92.110001,94,93.249321,15058200
,2022-08-15,90.529999,92.730003,89.660004,92.32,91.582733,20755200
,2022-08-16,92.029999,92.889999,91.290001,91.459999,90.729607,14038200
,2022-08-17,91.269997,93.209999,90.919998,92.199997,91.463692,13678000
,2022-08-18,93.150002,95.309998,93.089996,94.379997,93.626282,17770400
,2022-08-19,94.160004,95.199997,93.800003,94.080002,93.328682,16128600
,2022-08-22,93.419998,94.489998,91.860001,94.010002,93.259239,16019900
,2022-08-23,95.550003,98.410004,95.449997,98,97.217377,23764700
,2022-08-24,98.010002,98.970001,97.360001,98.580002,97.792747,17050300
,2022-08-25,98.919998,99.860001,98.099998,99.089996,98.298668,15305700
,2022-08-26,98.769997,99.910004,97.419998,97.870003,97.088417,15531400
,2022-08-29,98.18,101.559998,98.139999,100.120003,99.32045,23059200
,2022-08-30,98.360001,98.620003,95.82,96.309998,95.540871,17086800
,2022-08-31,94.029999,96.839996,93.589996,95.589996,94.826622,18340900
,2022-09-01,94.419998,95.07,92.290001,93.870003,93.120361,16423000
,2022-09-02,96.349998,96.790001,95.110001,95.589996,94.826622,18206800
,2022-09-06,96.160004,96.589996,94.510002,94.949997,94.191734,19201500
,2022-09-07,93.190002,94.589996,92.300003,94.139999,93.388199,16274700
,2022-09-08,94.660004,95.419998,93.720001,94.910004,94.152054,18759200
,2022-09-09,96.519997,97,95.32,96.5,95.729355,17158000
,2022-09-12,97.650002,99.190002,96.879997,97.610001,96.83049,16118900
,2022-09-13,96.610001,97.779999,94.910004,95.330002,94.568703,18229100
,2022-09-14,96.190002,98.559998,96.150002,97.669998,96.890007,22655700
,2022-09-15,96.220001,96.540001,94.050003,94.830002,94.072693,21092300
,2022-09-16,95.07,95.339996,92,93.209999,92.46563,37874700
,2022-09-19,91.010002,93.489998,91,93.199997,92.455704,15342100
,2022-09-20,92.730003,92.93,91.639999,92.440002,91.701782,14712500
,2022-09-21,93.57,93.879997,90.870003,90.949997,90.223679,17332400
,2022-09-22,92.199997,92.660004,90.519997,90.57,89.84671,16139400
,2022-09-23,87.5,87.5,84.849998,85.75,85.065208,27738800
,2022-09-26,84.900002,86.220001,83.889999,83.980003,83.309341,22043400
,2022-09-27,85.610001,86.959999,84.809998,85.739998,85.055283,17307300
,2022-09-28,86.120003,89.300003,85.919998,88.860001,88.150368,19543300
,2022-09-29,88.18,89.360001,87.129997,88.68,87.971809,17896000
,2022-09-30,88.169998,89.040001,87.309998,87.309998,86.612747,21357600
,2022-10-03,90.040001,92.360001,89.720001,91.919998,91.185928,23881300
,2022-10-04,93.239998,95.360001,92.709999,95.269997,94.509178,22133700
,2022-10-05,95.75,99.989998,95.660004,99.120003,98.328438,34857700
,2022-10-06,98.470001,102.18,98.330002,102.059998,101.244949,29124700
,2022-10-07,102.190002,103.32,100.18,101.029999,100.223175,24507600
,2022-10-10,101.489998,102.029999,98.720001,98.839996,98.050667,16786100
,2022-10-11,97.220001,99.760002,96.75,98,97.217377,17804100
,2022-10-12,97.5,98.910004,97.230003,98.43,97.643944,12635800
,2022-10-13,97.550003,102.449997,97.400002,101.870003,101.056473,22019100
,2022-10-14,101.120003,102.239998,99.040001,99.190002,98.397873,15222000
,2022-10-17,101.07,101.970001,100.5,100.620003,99.81646,14283200
,2022-10-18,101.540001,102.349998,99.230003,100.800003,99.995018,14065400
,2022-10-19,101.25,103.989998,101.230003,103.790001,102.961136,20921700
,2022-10-20,104.32,105,103.410004,103.93,103.100021,17649000
,2022-10-21,104.449997,106.400002,103.910004,105.860001,105.01461,22814100
,2022-10-24,105.660004,107.68,105.120003,106.599998,105.748695,17024200
,2022-10-25,106.410004,107.330002,105.07,105.879997,105.034447,15719800
,2022-10-26,106.260002,107.830002,106,107.139999,106.284386,17383800
,2022-10-27,108.410004,109.580002,107.419998,107.550003,106.691116,18214000
,2022-10-28,109.459999,111.209999,108.120003,110.699997,109.815956,28169400
,2022-10-31,109.5,112.910004,109.440002,110.809998,109.925072,26401800
,2022-11-01,112.370003,112.57,110.650002,111.910004,111.016296,22213100
,2022-11-02,111.580002,112.099998,109.309998,109.610001,108.734657,20654200
,2022-11-03,108.580002,111.82,108.309998,111.099998,110.212761,17103700
,2022-11-04,113,113.5,110.800003,112.309998,111.413094,17541500
,2022-11-07,112.410004,113.989998,112.129997,113.639999,112.732475,16008000
,2022-11-08,113.480003,114.660004,112.599998,114,113.0896,14661000
,2022-11-09,113.099998,113.279999,108.57,108.900002,108.030334,19522800
,2022-11-10,110.190002,110.699997,107.57,110.5,109.617554,20146700
,2022-11-11,112.580002,114.5,112.489998,113.949997,113.040001,20518900
,2022-11-14,112.629997,114.639999,112.489998,113.370003,113.370003,20858300
,2022-11-15,113.800003,114.529999,112.870003,114.129997,114.129997,19373800
,2022-11-16,113.440002,114.260002,111.860001,112.910004,112.910004,13591000
,2022-11-17,111.290001,113.199997,110.75,113.059998,113.059998,12425900
,2022-11-18,110.900002,112.480003,109.610001,112.080002,112.080002,15415000
,2022-11-21,109.989998,111.199997,107.480003,110.970001,110.970001,20973000
,2022-11-22,112.209999,114.470001,111.43,114.18,114.18,17719100
,2022-11-23,112.32,113.949997,112.099998,113.610001,113.610001,11546700
,2022-11-25,113.879997,114.610001,113.059998,113.209999,113.209999,7136000
,2022-11-28,110.660004,111.459999,109.620003,109.809998,109.809998,23015500
,2022-11-29,110.610001,111.800003,109.790001,110.540001,110.540001,14453200
,2022-11-30,111.540001,111.900002,109.779999,111.339996,111.339996,23153400
,2022-12-01,111.639999,112.07,110.18,110.800003,110.800003,14398300
,2022-12-02,109.510002,111.709999,109.199997,109.860001,109.860001,15242500
,2022-12-05,110.699997,111.360001,105.940002,106.849998,106.849998,19287700
,2022-12-06,105.900002,107.040001,103.150002,103.879997,103.879997,21197000
,2022-12-07,103.779999,104.849998,102.370003,103.650002,103.650002,20061700
,2022-12-08,106.279999,106.800003,103.709999,104.419998,104.419998,21128800
,2022-12-09,104.589996,105.949997,103.300003,103.540001,103.540001,21285200
,2022-12-12,103.830002,106.239998,103.589996,106.089996,106.089996,20413200
,2022-12-13,107.800003,108.540001,107.019997,107.25,107.25,24305300
,2022-12-14,107.989998,108.300003,105.75,106.459999,106.459999,17597300
,2022-12-15,105.330002,106.169998,103.699997,105.440002,105.440002,15365100
,2022-12-16,103.690002,105.580002,103.129997,104.699997,104.699997,54594800
